






<?xml version="1.0" encoding="utf-8" standalone="no" ?>
<modDesc descVersion="93" xmlns:xsi="http://www.w3.org/2001/XMLSchema-instance" xsi:noNamespaceSchemaLocation="../../../../../../../shared/xml/schema/modDesc.xsd">
	
	
	=================================================================
	<author>majimplay</author>
	=================================================================
    <version>1.0.0.0</version>
	<title>
		<en>rampa</en>
		<de>rampa</de>
		<fr>rampa</fr>
	</title>
	=================================================================
	<description>
<en><![CDATA[ garagem com elevador  ]]>
</en>
<de><![CDATA[ garagem com elevador  ]]>

</de>

<fr><![CDATA[ garagem com elevador  ]]>

</fr>
	</description>
	
	<multiplayer supported="true" />
	
	
	<iconFilename>garage.JPG</iconFilename>
	
	
	<storeItems>
        <storeItem xmlFilename="rampa.xml"/>
    </storeItems>
	
	
	
	
	
	    	<l10n>
       <text name="action_elevatorSwitchON">
            <en>elevator on</en>
            <de>elevator on</de>
            <pl>elevator on</pl>
		
        </text>	
        <text name="action_elevatorSwitchOFF">
            <en>elevator of</en>
            <de>elevator of</de>
            <pl>elevator of</pl>
			
        </text>
    </l10n>
	
	
	
	
	
	</modDesc>