<?xml version="1.0" encoding="utf-8" standalone="no" ?>
<placeable type="simplePlaceable" xmlns:xsi="http://www.w3.org/2001/XMLSchema-instance" xsi:noNamespaceSchemaLocation="../../../../shared/xml/schema/placeable.xsd">

 <storeData>
         <name>rampa</name> 
		
		
        <image>garage.JPG</image>
        <price>1</price>
        <canBeSold>true</canBeSold>
        <showInStore>true</showInStore>
        <lifetime>1000</lifetime>
        <rotation>0</rotation>
        <brand>NONE</brand>
        <species>PLACEABLE</species>
        <category>sheds</category>
        <brush>
            <type>placeable</type>
            <category>buildings</category>
            <tab>sheds</tab>
        </brush>
     
	 
    </storeData>
	
	 <base>
        <filename>rampa.i3d</filename>
		  <canBeDeleted>true</canBeDeleted>
    </base>
	
	
	<placement useRandomYRotation="false" useManualYRotation="true" >
        
    </placement>
	
	
	
	
	
	    <animatedObjects>
	
	        
           
		   
		   
		   <animatedObject saveId="fly02" >
		   
		  
		   
		    <animation duration="20.5">
               <clip rootNode="fly" name="flyAction" filename="rampa.i3d" />
		    
			<part node="fly">
			<keyFrame time="0.0" rotation="0 0 0"/>
		
            </part>
		    </animation>
			
			
			<!-- ACTIVATE_HANDTOOL TOGGLE_AI SWITCH_IMPLEMENT -->
			
			
			
		    <controls triggerNode="triger" posAction="ACTIVATE_HANDTOOL" posText="action_elevatorSwitchON" negText="action_elevatorSwitchOFF" />
		    
           </animatedObject>	
	       </animatedObjects>
	
	
	
	
	
	
	
	
	
	
	
	      <i3dMappings>
		  
          <i3dMapping id="fly"  node="2>" />
          <i3dMapping id="rampa"  node="0>" />
		 
		 
		  <i3dMapping id="triger"  node="1>" />
		  
         </i3dMappings>
</placeable>
	